,Title,Published_date,Views,Likes,Comments,Month
0,"""Projekte leicht gemacht"" stellt sich vor!",2024-01-09,2283,37,1,Jan
1,üëâ Der Design Thinking Prozess,2022-10-06,8548,112,4,Oct
2,‚ùì Was ist Design Thinking? Die Methodik einfach erkl√§rt,2022-09-29,5136,102,5,Sep
3,ABC Analyse: Schrittweise am einfachen Beispiel erkl√§rt,2022-04-07,26896,495,19,Apr
4,Ressourcenplanung und Kapazit√§tsplanung im Projektmanagement,2022-03-10,20778,327,4,Mar
5,Das Vier Ohren Modell: Praxisnahe Erkl√§rung und ein einfaches Beispiel,2022-02-24,62958,1235,23,Feb
6,Weiterbildung als Erfolgsfaktor im Projekt [aktuelle Statistiken],2022-02-10,1262,35,2,Feb
7,Der PDCA Zyklus einfach erkl√§rt ‚Äì 2 anschauliche Beispiele inklusive,2022-01-27,43047,845,18,Jan
8,Spannendes zum Stand des Projektmanagements [aktuelle Statistiken],2022-01-12,1913,38,4,Jan
9,Organisationsformen im Projektmanagement: Matrixorganisation & Co einfach erkl√§rt,2021-12-16,49279,1149,50,Dec
10,"Kritischer Pfad, Gesamtpuffer und freier Puffer: Die Netzplantechnik am Beispiel erkl√§rt",2021-12-02,118197,3220,83,Dec
11,Anordnungsbeziehungen im Netzplan: Die Feinheiten der Ablaufplanung,2021-11-18,14747,295,8,Nov
12,Netzplan einfach erkl√§rt: Ein Beispiel mit Vorw√§rts und R√ºckw√§rtsterminierung [Netzplantechnik],2021-11-18,169351,3159,90,Nov
13,Netzplan vs. Gantt: Was brauchst du wirklich?,2021-11-04,48170,1235,45,Nov
14,Das Cynefin Framework einfach erkl√§rt: Wann brauchst du welche Projektmanagement-Methodik?,2021-10-21,14170,223,6,Oct
15,Projektstrukturplan erstellen: Alles was du wissen musst,2021-10-07,62337,1202,36,Oct
16,Magisches Dreieck im Projekt einfach erkl√§rt ‚Äì Typische Beispiele inklusive,2021-09-23,33672,628,22,Sep
17,Personal Kanban: Mehr schaffen und weniger verzetteln [Zeitmanagement],2021-09-08,16648,410,11,Sep
18,Programm oder Portfolio? ‚Äì ultrakurz erkl√§rt #shorts,2021-07-22,1746,34,6,Jul
19,Phasen der Teamentwicklung nach Tuckman: Alles Wichtige zur Teamuhr,2021-07-15,35211,689,12,Jul
20,Was sind Stakeholder? ‚Äì ultrakurz erkl√§rt #shorts,2021-07-08,2808,65,2,Jul
21,Eat That Frog: Der einfache Zeitmanagement-Trick f√ºr mehr Produktivit√§t,2021-07-01,7655,218,13,Jul
22,SMARTe Ziele ‚Äì ultrakurz erkl√§rt #shorts,2021-06-24,1899,53,3,Jun
23,Die SWOT Analyse einfach erkl√§rt | Inklusive Beispiel,2021-06-16,48842,1165,45,Jun
24,Pr√§ventive und korrektive Ma√ünahmen ‚Äì ultrakurz erkl√§rt #shorts,2021-06-10,2069,63,0,Jun
25,Der Risikowert ‚Äì ultrakurz erkl√§rt #shorts,2021-05-27,1831,65,1,May
26,Das Eisenhower Prinzip einfach erkl√§rt: Mit dieser Matrix setzt richtige Priorit√§ten,2021-05-20,17701,398,8,May
27,Grundbegriffe Risikomanagement ‚Äì ultrakurz erkl√§rt #shorts,2021-05-12,2169,59,0,May
28,Teamrollen Belbin: Wie du hochperformante Teams formst,2021-05-06,29173,508,5,May
29,Die Pomodoro-Technik ‚Äì ultrakurz #shorts,2021-04-29,1969,81,2,Apr
30,"Die RACI Matrix einfach erkl√§rt: Aufbau, Nutzen und praktische Beispiele",2021-04-22,15917,310,9,Apr
31,Kompetenzen im Projektmanagement ‚Äì ultrakurz #shorts,2021-04-15,4562,146,7,Apr
32,Das Johari-Fenster einfach erkl√§rt - Praxisbeispiele inklusive!,2021-03-25,47910,1067,29,Mar
33,Projektbericht f√§llig? ‚Äì So kommen die Zuarbeiten p√ºnktlich! (Frage und Antwort aus der Praxis),2021-03-18,1765,53,0,Mar
34,Das SCARF Modell nach David Rock: Besser F√ºhren mit Neuroleadership,2021-03-11,8581,171,6,Mar
35,Das Ishikawa Diagramm einfach erkl√§rt: So funktioniert das Fischgr√§tenmodell,2021-02-25,39998,861,13,Feb
36,"Deadline nicht gehalten, da die Ressourcen fehlen? (Frage und Antwort aus der Praxis)",2021-02-18,1517,47,3,Feb
37,Bed√ºrfnispyramide Maslow einfach erkl√§rt: Beispiele und Kritik,2021-02-11,34358,578,18,Feb
38,Angst vor der Verantwortung im Projekt? (Frage und Antwort aus der Praxis),2021-02-04,1831,51,2,Feb
39,Das Harvard-Konzept einfach erkl√§rt: Das effektive Modell f√ºr Verhandlungen (+ Beispiele),2021-01-28,62849,1177,26,Jan
40,Wenn ich nicht hinter meinem Projekt stehen kann (Frage und Antwort aus der Praxis),2021-01-21,1348,30,0,Jan
41,Projektmanagement-Grundlagen: Hier wird Projektmanagement einfach erkl√§rt!,2021-01-07,98186,1756,45,Jan
42,Der Kampf um die Projektressourcen (Frage und Antwort aus der Praxis),2020-12-10,2419,39,6,Dec
43,Planning Poker: So einfach funktioniert die agile Sch√§tzmethode,2020-12-03,13207,254,12,Dec
44,Die Nutzwertanalyse einfach erkl√§rt | Einfaches Beispiel | Kostenlose Vorlage,2020-11-26,38139,775,30,Nov
45,Das Eisbergmodell der Kommunikation einfach erkl√§rt,2020-11-19,77878,1289,39,Nov
46,6 H√ºte Methode mit Beispiel: Die Denkh√ºte nach de Bono einfach erkl√§rt,2020-11-12,19930,331,13,Nov
47,Konflikteskalation nach Glasl: Die 9 Eskalationsstufen an praktischen Beispielen erkl√§rt,2020-11-05,108647,1735,41,Nov
48,Die STEP Analyse einfach erkl√§rt: So funktioniert die PEST Analyse,2020-10-29,11889,223,7,Oct
49,Die SCAMPER Methode einfach erkl√§rt: Diese Kreativit√§tstechnik rockt,2020-10-22,6222,115,2,Oct
50,Kraftfeldanalyse mit Beispiel: Die Force Field Analysis einfach erkl√§rt,2020-10-15,6118,90,12,Oct
51,Erfolgreiche Projekte durch die passende Stakeholderstrategie: Stakeholder richtig managen,2020-10-08,14881,310,9,Oct
52,Ziele formulieren: So entstehen korrekt formulierte Ziele ‚Äì mit Beispielen,2020-10-01,26292,430,16,Oct
53,Stakeholdermanagement: Vermeide diese 5 √ºblen Fehler!,2020-09-24,14066,224,9,Sep
54,Stakeholder einfach erkl√§rt: Eine simple Definition f√ºr Projektmanager,2020-09-17,19081,491,11,Sep
55,Ziele SMART formulieren ‚Äì Die SMART-Formel einfach erkl√§rt,2020-09-10,30208,567,17,Sep
56,Projektziele - Projektmanagement: Deshalb sind klare Ziele so wichtig,2020-09-03,9202,159,0,Sep
57,Nachhaltiges Risikomanagement im Projektmanagement ‚Äì der gesamte Prozess Schritt f√ºr Schritt!,2020-08-20,22708,359,8,Aug
58,Warum pr√§ventives Risikomanagement ein Fehler sein kann,2020-08-06,6013,117,10,Aug
59,Mit der richtigen Risikostrategie zum Erfolg,2020-07-23,9943,183,9,Jul
60,Effizienz einfach erkl√§rt ‚Äì und der Unterschied zur Effektivit√§t,2020-07-16,10117,248,13,Jul
61,Timeboxing 2 - Ein Praxisbeispiel,2020-07-09,7596,202,17,Jul
62,Timeboxing - Produktiv wie Bill Gates und Elon Musk,2020-07-02,13231,297,12,Jul
63,Was ist eigentlich ein Risikoportfolio? Und wozu ist es gut?,2020-06-25,5454,103,4,Jun
64,Risikoanalyse einfach erkl√§rt: Der Risikowert im Projektmanagement,2020-06-18,33045,536,21,Jun
65,"Risiko, Ursache, Auswirkung ‚Äì Die drei Grundbegriffe des Risikomanagements",2020-06-15,15989,343,11,Jun
66,Verpassen Sie keine Chance ‚Äì Ein Pl√§doyer f√ºr Chancenmanagement,2020-06-04,2167,58,3,Jun
67,Welche Gefahren lauern in Projektzielen? - Zielbeziehungen und ihre Bedeutung,2020-05-28,2986,81,2,May
68,Der Feedback Burger: Feedback geben leicht gemacht,2020-05-20,18341,280,11,May
69,Die Pomodoro Technik einfach erkl√§rt ‚Äì So arbeitest du fokussierter!,2020-05-14,8395,267,5,May
70,Das Pomodoro-Prinzip: Die wichtigsten Fragen und Antworten,2020-05-14,3078,118,4,May
71,Morphologischer Kasten einfach erkl√§rt [Kreativit√§tstechnik],2020-05-14,34113,685,22,May
72,Was ist ein Projekt? (Teil 2) ‚Äì  Die Projektmerkmale,2020-05-14,26512,747,16,May
73,Was ist ein Projekt? (Teil 1) ‚Äì  Eine anschauliche Definition,2020-05-13,31834,648,9,May
74,Stakeholdermanagement - Eine kurze Zusammenfassung,2014-03-24,24408,176,8,Mar
